Category_Name,Revenue,Profit,Quantity,Orders,Late_Rate,Profit_Margin_%
Fishing,6929653.690575,756220.767189502,17325,15164,54.926406926406926,10.912821923814684
Cleats,4431942.78318506,494636.919790561,73734,20386,54.97128426540671,11.160724404367993
Camping & Hiking,4118425.571019,427455.568105731,13729,12299,54.534197683735165,10.379101448711332
Cardio Equipment,3694843.19662996,383011.098484708,37587,11355,54.496676543605346,10.366098860001681
Women's Apparel,3147800.0,350421.02956735,62956,17869,54.55669122890421,11.13225203530561
Water Sports,3113844.684858,325146.96003752,15540,13758,54.80694980694981,10.441977456956804
Men's Footwear,2891757.6623529997,311902.820213578,22246,18783,54.48619976625011,10.785925261793384
Indoor/Outdoor Games,2888993.9135055,318451.430554194,57803,16623,54.74660586589284,11.022918015351081
Shop By Sport,1309522.04145468,129813.96031482199,32726,10136,55.15294974508376,9.913079444666575
Computers,663000.0,69656.81017112,442,442,50.678733031674206,10.506306209822021
Electronics,371034.64318789,40891.379917647,9436,3061,56.083650190114064,11.020906179086845
Cameras ,267607.685032,30289.799945644998,592,592,58.108108108108105,11.318733220244779
Garden,257768.72827639998,33443.010106141,484,484,55.78512396694215,12.97403697095513
Children's Clothing,232829.20397719997,27178.099596873,652,652,53.37423312883436,11.672977071868717
Crafts,223356.325324,25531.17006045,484,484,55.99173553719008,11.430690410676556
Girls' Apparel,151706.2006334,17288.569972693,3615,1191,55.28726061615321,11.396086580845203
Women's Clothing,140283.00474499998,19102.849930084,650,650,56.46153846153846,13.617365813348728
Accessories,133671.50882501,16643.520073949,5349,1753,56.96629213483146,12.451060229848313
Sporting Goods,117006.75,12518.610118848,357,357,55.46218487394958,10.699049515389497
Golf Gloves,116695.390422906,12975.490078118,2961,1064,56.26168224299065,11.11911107293494
Music,113122.09735260002,14436.31992285,434,434,57.14285714285714,12.761715226912909
Consumer Electronics,108991.2821119,13223.399925575,431,431,55.22041763341067,12.132529932071723
Golf Shoes,107998.0,12406.070142829,1444,523,55.534351145038165,11.48731471215115
Health and Beauty,106080.483077,9493.629974264,362,362,55.80110497237569,8.949459597928977
Kids' Golf Clubs,98797.57923373,9045.839895538,645,373,53.385416666666664,9.155932732053929
Baseball & Softball,94057.15254254,12762.130067433,1785,628,55.22151898734177,13.568484397463518
Boxing & MMA,85205.4110869,8641.370006251,1265,421,56.26477541371159,10.141808948539392
DVDs,79395.5423667,6655.430088233999,483,483,53.62318840579711,8.382624376435286
Golf Balls,77098.15904223,8342.670023919,4384,1444,54.57627118644067,10.820842063620944
Trade-In,68721.77975241,7915.369984928,2822,964,55.64681724845995,11.517993296223409
Hunting & Shooting,56848.42007216,5979.9999452990005,1239,436,56.13636363636364,10.519201655399296
Strength Training,54895.529536400005,332.31009052699983,111,111,57.65765765765766,0.6053500045147618
Hockey,48360.729735400004,5397.430012878,1711,609,53.583061889250814,11.160770406917758
Men's Golf Clubs,47035.80051772,5517.989977266,420,280,47.70318021201413,11.731468193439557
Tennis & Racquet,44585.09062432,5747.979996385,991,327,55.79268292682927,12.892157256824385
Women's Golf Clubs,44545.9701316,5028.639929453,403,181,53.591160220994475,11.288652855908477
Men's Clothing,43856.8012688,2006.039969416,208,208,54.32692307692307,4.574068129412597
Pet Supplies,41524.80075276,3589.259958614,492,492,58.94308943089431,8.64365365648488
Lacrosse,39464.78979349,4364.289984193,1021,341,60.05830903790087,11.058693095871806
Fitness Accessories,35601.44054358,5258.390016192,856,307,56.957928802588995,14.770160802215754
Golf Apparel,34969.75003881,3496.309982897,1025,440,51.92743764172335,9.998098296432596
Video Games,33310.5,2717.519996736,838,838,54.295942720763726,8.158148321808438
Basketball,27099.3293434,1845.670003454,67,64,55.223880597014926,6.810758967743642
Soccer,26477.0498373,3901.949953447,295,136,54.347826086956516,14.737102424266546
As Seen on  TV!,20597.93996418,714.429979709,206,68,57.35294117647059,3.468453549002473
Books ,12587.3999676,883.010007794,405,405,56.54320987654321,7.015030983895562
Baby ,12229.56037881,1525.02999227,207,207,52.65700483091788,12.470031178818166
Golf Bags & Carts,10369.3903355,1810.069992479,61,61,68.85245901639344,17.45589599691466
Toys,6104.65997884,900.710000356,529,529,55.009451795841215,14.754466317174833
CDs ,3059.5899891599997,383.849999637,271,271,52.02952029520295,12.545798652661455
