Month,Revenue,Profit,Orders,On_Time
2015-01,1051590.080197363,111660.740131745,1787,18.60202931228861
2015-02,927009.898168041,99140.660195881,1585,16.895749629942905
2015-03,1051253.690334273,113778.210191127,1781,17.791868705706825
2015-04,1014463.279822583,108083.679956629,1710,18.10378462738978
2015-05,1050478.44015248,112147.900143277,1776,16.893783834235578
2015-06,1024006.169832033,110147.160313142,1725,17.471756914686402
2015-07,1038081.190095872,115624.059878668,1763,17.41838082657105
2015-08,1029494.690638762,117979.770301531,1762,16.859472785890382
2015-09,1018338.599974533,113467.940118142,1706,16.614785992217897
2015-10,1049154.27043329,101757.87003983899,1775,17.08789136175028
2015-11,1029120.240618734,104427.360119529,1729,18.834765998089782
2015-12,1057840.880614801,110641.549880989,1805,17.762055483150252
2016-01,1046308.250500212,106780.950228697,1772,17.82960315967651
2016-02,968542.849025412,86809.490641663,1650,18.28769922353903
2016-03,1025853.120817973,101259.99024981,1764,16.621880998080616
2016-04,1001211.579778363,114976.619906938,1706,17.578968020404158
2016-05,1029400.200723323,110716.120111335,1763,18.464730290456433
2016-06,1003059.550005001,104196.070108119,1690,17.411950929956472
2016-07,1045715.620862,119941.720183092,1758,19.321394910461827
2016-08,1048200.251113612,110729.540117032,1766,17.604049493813275
2016-09,1002397.039938014,123384.709977059,1730,18.546511627906977
2016-10,1048130.550406502,116781.970048187,1776,19.8962578732864
2016-11,1047590.141074611,109539.199962309,1721,17.140115163147794
2016-12,1037408.170125002,105002.68993700799,1763,17.63142911368381
2017-01,1029698.020147722,114843.850276999,1745,18.938087023193408
2017-02,992534.898790352,115111.070097214,1614,17.85568691398288
2017-03,1048004.781065341,118688.90021145,1782,17.91658874135029
2017-04,1038321.620870051,115961.06019266699,1739,18.534151957022257
2017-05,1105485.32189609,115014.64001427,1763,18.80759826970096
2017-06,1032086.4903108199,110399.290304686,1676,18.07715613007473
2017-07,1104373.36097925,113026.700038081,1776,17.24332455810455
2017-08,1109337.17125681,131501.160211149,1768,17.247879359095194
2017-09,1143775.10762319,122462.390152852,1723,17.305839275390248
2017-10,1073994.1690205599,113447.169882532,2101,18.403547671840354
2017-11,626914.38366701,67791.250204682,2055,17.469586374695865
2017-12,503910.81734302,65837.629744941,2124,17.372881355932204
2018-01,331650.11515684,33841.889977086,2123,17.616580310880828
