Year_Month,Revenue,Profit,Orders,Quantity,On_Time_Rate,Late_Rate,MoM_Revenue_Growth_%
2015-01,1051590.080197363,111660.740131745,1787,11854,18.60202931228861,54.11499436302142,
2015-02,927009.898168041,99140.660195881,1585,10438,16.895749629942905,54.85303446817509,-11.846838837234053
2015-03,1051253.690334273,113778.210191127,1781,12062,17.791868705706825,54.75568817605371,13.402639217959035
2015-04,1014463.279822583,108083.679956629,1710,11287,18.10378462738978,53.843152555598905,-3.499670046341685
2015-05,1050478.44015248,112147.900143277,1776,11902,16.893783834235578,55.08680231472839,3.550168946104759
2015-06,1024006.169832033,110147.160313142,1725,11203,17.471756914686402,54.10985586287496,-2.5200203363149987
2015-07,1038081.190095872,115624.059878668,1763,11800,17.41838082657105,55.46329496131346,1.3745054159339354
2015-08,1029494.690638762,117979.770301531,1762,11612,16.859472785890382,55.67987862696757,-0.8271510493622403
2015-09,1018338.599974533,113467.940118142,1706,11366,16.614785992217897,56.69260700389105,-1.0836472267095498
2015-10,1049154.27043329,101757.87003983899,1775,11703,17.08789136175028,54.80950584685025,3.026073101768678
2015-11,1029120.240618734,104427.360119529,1729,11463,18.834765998089782,54.269340974212035,-1.9095408920446033
2015-12,1057840.880614801,110641.549880989,1805,11790,17.762055483150252,54.68255445913238,2.7907953670019525
2016-01,1046308.250500212,106780.950228697,1772,11597,17.82960315967651,55.57645288696633,-1.0902046163962287
2016-02,968542.849025412,86809.490641663,1650,10765,18.28769922353903,54.14793624846751,-7.432360534060822
2016-03,1025853.120817973,101259.99024981,1764,11349,16.621880998080616,55.75815738963532,5.917164310306866
2016-04,1001211.579778363,114976.619906938,1706,11208,17.578968020404158,55.22856582303316,-2.4020535239939522
2016-05,1029400.200723323,110716.120111335,1763,11603,18.464730290456433,55.65824217276499,2.8154509510567305
2016-06,1003059.550005001,104196.070108119,1690,11008,17.411950929956472,56.846062524732886,-2.55883481466328
2016-07,1045715.620862,119941.720183092,1758,11652,19.321394910461827,51.93213949104618,4.252596055417279
2016-08,1048200.251113612,110729.540117032,1766,11683,17.604049493813275,55.26809148856393,0.23760095020515237
2016-09,1002397.039938014,123384.709977059,1730,11284,18.546511627906977,54.980620155038764,-4.369700458184056
2016-10,1048130.550406502,116781.970048187,1776,11936,19.8962578732864,54.779547980733604,4.562414756463773
2016-11,1047590.141074611,109539.199962309,1721,11493,17.140115163147794,54.62571976967371,-0.05155935314369309
2016-12,1037408.170125002,105002.68993700799,1763,11774,17.63142911368381,56.06376921617006,-0.9719422272497114
2017-01,1029698.020147722,114843.850276999,1745,11605,18.938087023193408,53.613187655740845,-0.7432127680612965
2017-02,992534.898790352,115111.070097214,1614,11070,17.85568691398288,54.66775377089278,-3.6091281744951242
2017-03,1048004.781065341,118688.90021145,1782,11676,17.91658874135029,55.26463437441556,5.588708502098272
2017-04,1038321.620870051,115961.06019266699,1739,11189,18.534151957022257,53.77973906369916,-0.9239614522985939
2017-05,1105485.32189609,115014.64001427,1763,11033,18.80759826970096,53.47000188075983,6.468487188946304
2017-06,1032086.4903108199,110399.290304686,1676,10194,18.07715613007473,53.50434255705918,-6.639512088625377
2017-07,1104373.36097925,113026.700038081,1776,11091,17.24332455810455,54.77623166603986,7.003954740911333
2017-08,1109337.17125681,131501.160211149,1768,11095,17.247879359095194,56.4373232799246,0.44946849072478035
2017-09,1143775.10762319,122462.390152852,1723,10502,17.305839275390248,54.23010213914049,3.1043705429399715
2017-10,1073994.1690205599,113447.169882532,2101,2490,18.403547671840354,53.65853658536586,-6.1009317423979965
2017-11,626914.38366701,67791.250204682,2055,2055,17.469586374695865,55.085158150851576,-41.627766541904876
2017-12,503910.81734302,65837.629744941,2124,2124,17.372881355932204,55.1789077212806,-19.620472831474256
2018-01,331650.11515684,33841.889977086,2123,2123,17.616580310880828,56.288271314178054,-34.18475973476065
