Product_Card_ID,Product_Name,Revenue,Profit,Quantity,Orders,Late_Rate,Profit_Margin_%
19,Nike Men's Fingertrap Max Training Shoe,7999.3598656,602.3799734620001,64,63,59.375,7.530352222962755
24,Elevation Training Mask 2.0,18477.6899717,3299.569979985,231,74,50.0,17.85704806736418
35,adidas Brazuca 2014 Official Match Ball,10399.3503575,1642.729999124,65,65,55.38461538461539,15.796467497022688
37,adidas Kids' F5 Messi FG Soccer Cleat,27327.19054016,2906.330036917,781,262,59.16030534351145,10.635304908661801
44,adidas Men's F10 Messi TRX FG Soccer Cleat,56330.61164488,8213.070031392,939,303,51.80327868852459,14.580118680707601
58,Diamondback Boys' Insight 24 Performance Hybr,8699.709715800002,1730.8099975,29,28,62.06896551724138,19.89503160498085
60,SOLE E25 Elliptical,9999.899902,-169.55999710000015,10,10,70.0,-1.6956169437864856
61,Diamondback Girls' Clarity 24 Hybrid Bike 201,8399.7197256,284.42000305399995,28,27,42.857142857142854,3.386065396767552
78,Nike Kids' Grade School KD VI Basketball Shoe,18598.1399916,1976.8799784829998,186,62,60.317460317460316,10.629449930884881
93,Under Armour Men's Tech II T-Shirt,20866.649801890002,2387.41000571,835,279,60.0,11.441271255214911
116,Nike Men's Comfort 2 Slide,44585.09062432,5747.979996385,991,327,55.79268292682927,12.892157256824385
127,Stiga Master Series ST3100 Competition Indoor,8909.7297354,479.28001602999996,27,25,51.85185185185185,5.379287927508418
134,Nike Women's Legend V-Neck T-Shirt,20025.0,2772.659994599,801,278,57.34767025089605,13.845992482392012
135,Nike Dri-FIT Crew Sock 6 Pack,19426.0,2145.490002249,883,307,50.324675324675326,11.044425009003398
172,Nike Women's Tempo Shorts,27210.0,3095.279981277,907,318,55.34591194968554,11.375523635711135
191,Nike Men's Free 5.0+ Running Shoe,3667633.19662996,379915.818503431,36680,11092,54.474484345467985,10.35860998456771
203,GoPro HERO3+ Black Edition Camera,12799.6796864,245.63005111699988,32,32,65.625,1.9190327971877945
208,SOLE E35 Elliptical,29999.84985,-965.11996816,15,15,40.0,-3.217082662032057
216,Yakima DoubleDown Ace Hitch Mount 4-Bike Rack,12096.0,1051.80000757,64,64,57.8125,8.69543657051918
226,Bowflex SelectTech 1090 Dumbbells,5999.899901999999,1190.7799950200001,10,10,60.0,19.84666435223473
235,Under Armour Hustle Storm Medium Duffle Bag,29601.54064158,4067.610021172,846,297,56.85618729096989,13.741210535030074
249,Under Armour Women's Micro G Skulpt Running S,46559.591034339996,4469.770004019,847,286,57.14285714285714,9.600105810040995
251,Brooks Women's Ghost 6 Running Shoe,19077.88003532,2606.850004549,212,66,48.484848484848484,13.66425409805904
258,Nike Women's Free 5.0 TR FIT PRT 4 Training S,19567.940017240002,1564.749997683,206,70,60.0,7.996498335054193
273,Under Armour Kids' Mercenary Slide,22252.04978358,2431.970026988,795,251,53.78486055776892,10.929195515204059
276,Under Armour Women's Ignite Slide,29398.80977828,4030.3799946999998,919,306,55.62700964630225,13.709330497038238
278,Under Armour Men's Compression EV SL Slide,36576.87057466,3745.3400192560002,813,279,52.85714285714286,10.239640407757369
282,Under Armour Women's Ignite PIP VI Slide,27127.519792220002,2057.210005626,848,285,60.0,7.583479880884631
295,Fitbit The One Wireless Activity & Sleep Trac,18690.64982615,2088.01993995,187,62,51.61290322580645,11.171467869611797
303,Garmin Forerunner 910XT GPS Watch,13999.649657,391.12998962999995,35,35,54.285714285714285,2.7938555550526227
305,Mio ALPHA Heart Rate Monitor/Sport Watch,13333.0,1241.66997336,67,67,61.19402985074627,9.31275761914048
306,Polar FT4 Heart Rate Monitor,17638.04005408,3476.849971695,196,60,53.333333333333336,19.712224039828854
311,Polar Loop Activity Tracker,5937.2998326,326.200001112,54,53,48.148148148148145,5.494079974215382
359,Nike Men's Free TR 5.0 TB Training Shoe,20597.93996418,714.429979709,206,68,57.35294117647059,3.468453549002473
364,Total Gym 1400,10799.639647200001,808.62000838,36,35,63.888888888888886,7.487472126809797
365,Perfect Fitness Perfect Rip Deck,4421143.14353786,493828.299782181,73698,20359,54.95818886396084,11.16969715183238
403,Nike Men's CJ Elite 2 TD Football Cleat,2891757.6623529997,311902.820213578,22246,18783,54.48619976625011,10.785925261793384
502,Nike Men's Dri-FIT Victory Golf Polo,3147800.0,350421.02956735,62956,17869,54.55669122890421,11.13225203530561
564,Nike Men's Deutschland Weltmeister Winners Bl,27210.0,2666.470001124,907,297,56.711409395973156,9.799595740992283
565,adidas Youth Germany Black/Red Away Match Soc,67830.0,8129.399983306,969,313,51.59235668789809,11.984962381403507
567,adidas Men's Germany Black Crest Away Tee,21475.0,2833.720000746,859,289,60.89965397923876,13.195436557606518
572,TYR Boys' Team Digi Jammer,35191.2006334,3658.979987517,880,298,52.33333333333333,10.397428680066852
607,Garmin Approach S3 Golf GPS Watch,19249.2304235,2432.329985971,77,75,61.038961038961034,12.635985608035236
625,Nike Men's Kobe IX Elite Low Basketball Shoe,12599.3703465,1080.649983628,63,62,49.2063492063492,8.577015786572188
627,Under Armour Girls' Toddler Spine Surge Runni,1269082.67110818,126278.510298901,31735,9825,55.2415936705284,9.950377006458762
642,Columbia Men's PFG Anchor Tough T-Shirt,27840.0,2454.800032293,928,304,53.289473684210535,8.817528851627156
646,Merrell Women's Grassbow Sport Hiking Shoe,20697.92999222,1818.6499727140001,207,70,51.42857142857142,8.78662732648917
647,Merrell Women's Siren Mid Waterproof Hiking B,9449.300385,1237.850002093,70,69,47.14285714285714,13.099911651215859
652,Merrell Women's Grassbow Sport Waterproof Hik,7539.420319,1029.709990869,58,58,43.103448275862064,13.657681191669877
666,Merrell Men's All Out Flash Trail Running Sho,9349.149821500001,1431.78001159,85,85,48.23529411764706,15.314547728151409
671,Cleveland Golf Collegiate My Custom Wedge 588,13649.3503575,955.099941796,65,65,55.38461538461539,6.997402197029802
677,TaylorMade White Smoke IN-12 Putter,19298.06989294,2540.399962963,193,63,53.96825396825397,13.164010582697594
691,MDGolf Pittsburgh Penguins Putter,11598.549881160001,1533.140024694,145,53,50.943396226415096,13.218376783328251
703,Top Flite Women's 2014 XL Hybrid,17731.12981181,1830.399996078,887,303,54.45544554455446,10.323087222895651
705,Cleveland Golf Women's 588 RTX CB Satin Chrom,8399.299853,370.610005914,70,70,50.0,4.412391656450129
715,TaylorMade Women's RBZ SL Rescue,8839.320373999999,1295.299980905,68,68,42.64705882352941,14.653841314712372
724,LIJA Women's Mid-Length Panel Golf Shorts,22700.0,2984.71003021,227,73,56.16438356164384,13.148502335726873
725,LIJA Women's Button Golf Dress,8208.0,1156.600008518,76,76,55.26315789473685,14.091130708065302
728,LIJA Women's Eyelet Sleeveless Golf Polo,61490.0,6752.330081825,946,309,56.63430420711975,10.98118406541714
730,LIJA Women's Argyle Golf Polo,15600.0,1512.430022276,195,65,50.0,9.695064245358974
743,Ogio Race Golf Shoes,10369.3903355,1810.069992479,61,61,68.85245901639344,17.45589599691466
768,Titleist Club Glove Travel Cover,10199.6596668,1312.269990485,34,34,61.76470588235294,12.865821344573417
771,Clicgear Rovic Cooler Bag,34671.33045858,2962.95996846,867,284,57.74647887323944,8.545850214775262
773,Titleist Small Wheeled Travel Cover,13499.460297,1011.650053917,54,54,62.96296296296296,7.494003698368743
775,Clicgear 8.0 Shoe Brush,8871.119937156,815.54000439,888,284,53.68421052631579,9.19320232583232
777,Bag Boy M330 Push Cart,16637.919929480002,2969.1100420919997,208,69,55.072463768115945,17.845440143218646
778,Bag Boy Beverage Holder,21116.549776390002,3173.780008029,845,278,55.55555555555556,15.02982277709752
786,TaylorMade 2014 Purelite Stand Bag,11699.3503575,730.180010745,65,65,56.92307692307692,6.241201335396456
792,Hirzl Men's Hybrid Golf Glove,12951.35980753,1175.660006335,864,282,53.90070921985816,9.0775024692887
793,Hirzl Women's Hybrid Golf Glove,13311.11981353,1193.2400056870001,888,310,53.054662379421224,8.964234582834566
797,Hirzl Women's Soffft Flex Golf Glove,15993.10980566,1444.250001406,889,295,61.40939597315436,9.030451356589051
804,Glove It Women's Imperial Golf Glove,18810.58979375,2122.95000702,941,303,52.44299674267101,11.285930054810777
810,Glove It Women's Mod Oval Golf Glove,16031.97982176,2406.570003471,802,275,51.985559566786996,15.011059334072971
818,Titleist Pro V1x Golf Balls,41415.37052844,3699.609974452,863,291,51.890034364261176,8.932939455199302
821,Titleist Pro V1 High Numbers Personalized Gol,44243.491382600005,6093.149948176,851,291,59.93150684931506,13.771856057843351
822,Titleist Pro V1x High Numbers Golf Balls,38392.00052236,4592.280023798,800,264,55.471698113207545,11.961554389757305
823,Titleist Pro V1x High Numbers Personalized Go,47206.92146286,6671.089964594,908,305,55.55555555555556,14.131592906015856
825,Bridgestone e6 Straight Distance NFL Tennesse,25751.94975595,2361.749972533,805,256,56.809338521400775,9.171150126165948
828,Bridgestone e6 Straight Distance NFL San Dieg,28982.93982142,2019.829987259,906,309,56.12903225806451,6.9690307460329945
835,Bridgestone e6 Straight Distance NFL Carolina,29686.71978552,3188.770000265,928,308,58.44155844155844,10.741402294706722
845,Garmin Approach S4 Golf GPS Watch,10799.639647200001,1208.9000123990002,36,34,52.77777777777778,11.19389212872884
858,GolfBuddy VT3 GPS Watch,11799.4103245,569.020010112,59,59,50.847457627118644,4.822444465131458
860,Bushnell Pro X7 Jolt Slope Rangefinder,6599.8898922,-255.9500027199999,11,8,54.54545454545454,-3.8780950425020166
885,Team Golf St. Louis Cardinals Putter Grip,23940.41977515,2815.12000595,958,313,62.939297124600635,11.758858167023774
886,Team Golf San Francisco Giants Putter Grip,21766.2898108,2785.93001945,871,292,55.47945205479452,12.799287538970821
893,Team Golf Pittsburgh Steelers Putter Grip,22166.12984186,3039.529991171,887,293,55.59322033898305,13.712497458311141
897,Team Golf New England Patriots Putter Grip,20566.76981798,2548.580027902,823,281,55.16014234875445,12.391737012945834
905,Team Golf Texas Longhorns Putter Grip,22366.049832380002,3079.310017339,895,298,56.52173913043478,13.767786624891581
906,Team Golf Tennessee Volunteers Putter Grip,22865.849746840002,2375.050012137,915,300,55.666666666666664,10.386887163313165
917,Glove It Women's Mod Oval 3-Zip Carry All Gol,20450.69974701,2257.820003261,930,294,56.271186440677965,11.040306841290871
924,Glove It Urban Brick Golf Towel,14151.14979326,1563.199996233,885,298,54.666666666666664,11.04645218989577
926,Glove It Imperial Golf Towel,14870.69978864,1662.019999463,930,302,54.63576158940398,11.176474699143933
957,Diamondback Women's Serene Classic Comfort Bi,4118425.571019,427455.568105731,13729,12299,54.534197683735165,10.379101448711332
977,ENO Atlas Hammock Straps,29930.019742160002,2139.579985686,998,321,58.204334365325074,7.148608668213294
981,The North Face Women's Recon Backpack,17919.0,2803.799964267,181,57,50.877192982456144,15.647078320592666
982,insta-bed Neverflat Air Mattress,8999.40033,1036.619995346,60,59,50.0,11.518767443763666
1004,Field & Stream Sportsman 16 Gun Fire Safe,6929653.690575,756220.767189502,17325,15164,54.926406926406926,10.912821923814684
1014,O'Brien Men's Neoprene Life Vest,2888993.9135055,318451.430554194,57803,16623,54.74660586589284,11.022918015351081
1059,Pelican Maverick 100X Kayak,13999.599608,1070.5900172240001,40,40,62.5,7.647290259731548
1073,Pelican Sunstream 100 Kayak,3099845.08525,324076.370020296,15500,13727,54.78709677419354,10.45459889471088
1346,Sports Books ,12587.3999676,883.010007794,405,405,56.54320987654321,7.015030983895562
1347,Baby sweater,12229.56037881,1525.02999227,207,207,52.65700483091788,12.470031178818166
1348,CDs of rock,3059.5899891599997,383.849999637,271,271,52.02952029520295,12.545798652661455
1349,Web Camera,267607.685032,30289.799945644998,592,592,58.108108108108105,11.318733220244779
1350,Children's heaters,232829.20397719997,27178.099596873,652,652,53.37423312883436,11.672977071868717
1351,Dell Laptop,663000.0,69656.81017112,442,442,50.678733031674206,10.506306209822021
1352,Industrial consumer electronics,108991.2821119,13223.399925575,431,431,55.22041763341067,12.132529932071723
1353,Porcelain crafts,223356.325324,25531.17006045,484,484,55.99173553719008,11.430690410676556
1354,DVDs ,79395.5423667,6655.430088233999,483,483,53.62318840579711,8.382624376435286
1355,Lawn mower,257768.72827639998,33443.010106141,484,484,55.78512396694215,12.97403697095513
1356,First aid kit,106080.483077,9493.629974264,362,362,55.80110497237569,8.949459597928977
1357,Men's gala suit,43856.8012688,2006.039969416,208,208,54.32692307692307,4.574068129412597
1358,Rock music,113122.09735260002,14436.31992285,434,434,57.14285714285714,12.761715226912909
1359,Adult dog supplies,41524.80075276,3589.259958614,492,492,58.94308943089431,8.64365365648488
1360,Smart watch ,117006.75,12518.610118848,357,357,55.46218487394958,10.699049515389497
1361,Toys ,6104.65997884,900.710000356,529,529,55.009451795841215,14.754466317174833
1362,Fighting video games,33310.5,2717.519996736,838,838,54.295942720763726,8.158148321808438
1363,Summer dresses,140283.00474499998,19102.849930084,650,650,56.46153846153846,13.617365813348728
